<bncDoc xml:id="B1S"><teiHeader><fileDesc><titleStmt><title>  Our family has Huntington's chorea. Sample containing about 676 words from a book (domain: social science) </title><respStmt><resp> Data capture and transcription </resp><name> Oxford University Press </name> </respStmt></titleStmt><editionStmt><edition>BNC XML Edition, December 2006</edition></editionStmt><extent> 676 tokens; 689 w-units; 47 s-units </extent><publicationStmt><distributor>Distributed under licence by Oxford University Computing Services on behalf of the BNC Consortium.</distributor><availability> This material is protected by international copyright laws and may not be copied or redistributed in any way. Consult the BNC Web Site at http://www.natcorp.ox.ac.uk for full licencing and distribution conditions.</availability><idno type="bnc">B1S</idno><idno type="old"> HuntCh </idno></publicationStmt><sourceDesc><bibl><title>Our family has Huntington's chorea. </title> <author n="SlatfJ1">Slatford, Joy</author> <imprint n="GRAHAM1"><publisher>Graham-Cameron Publishing</publisher> <pubPlace>Cambridge</pubPlace> <date value="1987">1987</date> </imprint> <pp>2-24</pp> </bibl></sourceDesc></fileDesc><encodingDesc><tagsDecl><namespace name=""><tagUsage gi="c" occurs="79"/><tagUsage gi="gap" occurs="1"/><tagUsage gi="mw" occurs="2"/><tagUsage gi="p" occurs="31"/><tagUsage gi="pb" occurs="2"/><tagUsage gi="s" occurs="47"/><tagUsage gi="w" occurs="689"/></namespace></tagsDecl></encodingDesc><profileDesc><creation date="1987"> </creation><textClass><catRef targets="WRI ALLTIM3 ALLAVA2 ALLTYP3 WRIAAG0 WRIAD0 WRIASE2 WRIATY3 WRIAUD1 WRIDOM4 WRILEV1 WRIMED1 WRIPP5 WRISAM1 WRISTA1 WRITAS3"/><classCode scheme="DLEE">W nonAc: soc science</classCode><keywords scheme="COPAC"><term>Huntington</term></keywords><keywords><term> Huntingdon's chorea </term></keywords></textClass></profileDesc><revisionDesc><change date="2006-10-21" who="#OUCS">Tag usage updated for BNC-XML</change><change date="2000-12-13" who="#OUCS">Last check for BNC World first release</change><change date="2000-09-06" who="#OUCS">Redo tagusage tables</change><change date="2000-09-01" who="#OUCS">Check all tagcounts</change><change date="2000-06-23" who="#OUCS">Resequenced s-units and added headers</change><change date="2000-01-21" who="#OUCS">Added date info</change><change date="2000-01-09" who="#OUCS">Updated all catrefs</change><change date="2000-01-08" who="#OUCS">Updated source title</change><change date="2000-01-08" who="#OUCS">Updated titles</change><change date="1999-12-25" who="#OUCS">corrected tagUsage</change><change date="1999-09-13" who="#UCREL">POS codes revised for BNC-2; header updated</change><change date="1994-11-24" who="#dominic">Initial accession to corpus</change></revisionDesc></teiHeader>
<wtext type="NONAC"><pb n="1"/><gap desc="illustration/editing/publishing/copyright details" resp="OUP"/><pb n="2"/><p>
<s n="1"><w c5="PNI" hw="everyone" pos="PRON">Everyone </w><w c5="VBZ" hw="be" pos="VERB">is </w><w c5="AJ0" hw="ill" pos="ADJ">ill </w><w c5="AV0" hw="sometimes" pos="ADV">sometimes</w><c c5="PUN">.</c></s></p><p>
<s n="2"><w c5="PRP" hw="at" pos="PREP">At </w><w c5="NN1" hw="school" pos="SUBST">school</w><c c5="PUN">, </c><w c5="NP0" hw="nicola" pos="SUBST">Nicola </w><w c5="VHD" hw="have" pos="VERB">had </w><w c5="AT0" hw="a" pos="ART">a </w><w c5="AJ0-NN1" hw="cold" pos="ADJ">cold </w><w c5="ORD" hw="last" pos="ADJ">last </w><w c5="NN1" hw="week" pos="SUBST">week</w><c c5="PUN">.</c></s></p><p>
<s n="3"><w c5="NP0" hw="adam" pos="SUBST">Adam </w><w c5="VVD" hw="break" pos="VERB">broke </w><w c5="DPS" hw="he" pos="PRON">his </w><w c5="NN1" hw="leg" pos="SUBST">leg </w><w c5="PRP" hw="in" pos="PREP">in </w><w c5="AT0" hw="the" pos="ART">the </w><w c5="NN1" hw="summer" pos="SUBST">summer</w><c c5="PUN">.</c></s></p><p>
<s n="4"><w c5="NP0" hw="iain" pos="SUBST">Iain </w><w c5="VHD" hw="have" pos="VERB">had </w><w c5="NN0" hw="measles" pos="SUBST">measles </w><w c5="PRP" hw="for" pos="PREP">for </w><w c5="CRD" hw="two" pos="ADJ">two </w><w c5="NN2" hw="week" pos="SUBST">weeks</w><c c5="PUN">.</c></s></p><p>
<s n="5"><w c5="NP0" hw="anthony" pos="SUBST">Anthony </w><w c5="VVZ" hw="get" pos="VERB">gets </w><w c5="NN2" hw="headache" pos="SUBST">headaches </w><w c5="AVQ-CJS" hw="when" pos="ADV">when </w><w c5="PNP" hw="he" pos="PRON">he </w><w c5="VVZ" hw="read" pos="VERB">reads </w><w c5="PRP" hw="for" pos="PREP">for </w><w c5="AV0" hw="too" pos="ADV">too </w><w c5="AV0-AJ0" hw="long" pos="ADV">long</w><c c5="PUN">.</c></s></p><p>
<s n="6"><w c5="AV0" hw="sometimes" pos="ADV">Sometimes</w><c c5="PUN">, </c><w c5="AVQ" hw="when" pos="ADV">when </w><w c5="PNP" hw="you" pos="PRON">you </w><w c5="VBB" hw="be" pos="VERB">are </w><w c5="AJ0" hw="ill" pos="ADJ">ill</w><c c5="PUN">, </c><w c5="AT0" hw="the" pos="ART">the </w><w c5="NN1" hw="doctor" pos="SUBST">doctor </w><w c5="VVZ" hw="come" pos="VERB">comes </w><w c5="PRP" hw="to" pos="PREP">to </w><w c5="DPS" hw="you" pos="PRON">your </w><w c5="NN1" hw="home" pos="SUBST">home</w><c c5="PUN">.</c></s>
<s n="7"><w c5="CJS" hw="if" pos="CONJ">If </w><w c5="PNP" hw="she" pos="PRON">she </w><w c5="VVZ" hw="think" pos="VERB">thinks </w><w c5="PNP" hw="you" pos="PRON">you </w><w c5="VVB" hw="need" pos="VERB">need </w><w c5="NN1" hw="medicine" pos="SUBST">medicine </w><w c5="AT0" hw="the" pos="ART">the </w><w c5="NN1" hw="doctor" pos="SUBST">doctor </w><w c5="VM0" hw="will" pos="VERB">will </w><w c5="VVI" hw="write" pos="VERB">write </w><w c5="AT0" hw="a" pos="ART">a </w><w c5="NN1" hw="note" pos="SUBST">note </w><w c5="CJS" hw="so" pos="CONJ">so </w><w c5="AT0" hw="the" pos="ART">the </w><w c5="NN1" hw="medicine" pos="SUBST">medicine </w><w c5="VM0" hw="can" pos="VERB">can </w><w c5="VBI" hw="be" pos="VERB">be </w><w c5="VVN" hw="collect" pos="VERB">collected </w><w c5="PRP" hw="from" pos="PREP">from </w><w c5="AT0" hw="the" pos="ART">the </w><w c5="NN1" hw="chemist" pos="SUBST">chemist</w><c c5="PUN">.</c></s></p><p>
<s n="8"><w c5="PRP" hw="at" pos="PREP">At </w><w c5="AJ0" hw="other" pos="ADJ">other </w><w c5="NN2" hw="time" pos="SUBST">times </w><w c5="NN0" hw="people" pos="SUBST">people </w><w c5="VHB" hw="have" pos="VERB">have </w><w c5="TO0" hw="to" pos="PREP">to </w><w c5="VVI" hw="go" pos="VERB">go </w><w c5="PRP" hw="into" pos="PREP">into </w><w c5="NN1" hw="hospital" pos="SUBST">hospital </w><w c5="TO0" hw="to" pos="PREP">to </w><w c5="VHI" hw="have" pos="VERB">have </w><w c5="AT0" hw="an" pos="ART">an </w><w c5="NN1" hw="operation" pos="SUBST">operation </w><w c5="TO0" hw="to" pos="PREP">to </w><w c5="VVI" hw="make" pos="VERB">make </w><w c5="PNP" hw="they" pos="PRON">them </w><w c5="AJC" hw="good" pos="ADJ">better</w><c c5="PUN">.</c></s></p><p>
<s n="9"><w c5="CJC" hw="but" pos="CONJ">But </w><w c5="AV0" hw="sometimes" pos="ADV">sometimes </w><w c5="NN0" hw="people" pos="SUBST">people </w><w c5="VHB" hw="have" pos="VERB">have </w><w c5="AT0" hw="an" pos="ART">an </w><w c5="NN1" hw="illness" pos="SUBST">illness </w><w c5="DTQ" hw="which" pos="PRON">which </w><w c5="VM0" hw="can" pos="VERB">can</w><w c5="XX0" hw="not" pos="ADV">not </w><w c5="VBI" hw="be" pos="VERB">be </w><w c5="VVN" hw="make" pos="VERB">made </w><w c5="AV0" hw="well" pos="ADV">better</w><c c5="PUN">.</c></s></p><p>
<s n="10"><w c5="PRP" hw="in" pos="PREP">In </w><w c5="DPS" hw="we" pos="PRON">our </w><w c5="NN1" hw="family" pos="SUBST">family </w><w c5="PNP" hw="we" pos="PRON">we </w><w c5="VHB" hw="have" pos="VERB">have </w><w c5="AT0" hw="a" pos="ART">a </w><w c5="AJ0" hw="special" pos="ADJ">special </w><w c5="NN1" hw="illness" pos="SUBST">illness</w><c c5="PUN">.</c></s>
<s n="11"><w c5="PNP" hw="it" pos="PRON">It </w><w c5="VBZ" hw="be" pos="VERB">is </w><w c5="VVN" hw="call" pos="VERB">called </w><w c5="NP0" hw="huntington" pos="SUBST">Huntington</w><w c5="POS" hw="'s" pos="UNC">'s </w><w c5="NP0-NN1" hw="chorea" pos="SUBST">Chorea</w><c c5="PUN">, </c><w c5="CJC" hw="or" pos="CONJ">or </w><w c5="NP0" hw="hc" pos="SUBST">HC </w><w c5="PRP" hw="for" pos="PREP">for </w><w c5="AJ0" hw="short" pos="ADJ">short</w><c c5="PUN">.</c></s></p><p>
<s n="12"><w c5="NP0" hw="peter" pos="SUBST">Peter </w><w c5="CJC" hw="and" pos="CONJ">and </w><w c5="NP0" hw="paul" pos="SUBST">Paul</w><w c5="POS" hw="'s" pos="UNC">'s </w><w c5="NN1" hw="grandfather" pos="SUBST">grandfather </w><w c5="VHD" hw="have" pos="VERB">had </w><w c5="NP0" hw="hc" pos="SUBST">HC</w><c c5="PUN">.</c></s>
<s n="13"><w c5="PNP" hw="he" pos="PRON">He </w><w c5="VBD" hw="be" pos="VERB">was </w><w c5="DPS" hw="they" pos="PRON">their </w><w c5="NN1" hw="mum" pos="SUBST">Mum</w><w c5="POS" hw="'s" pos="UNC">'s </w><w c5="NN1" hw="dad" pos="SUBST">dad </w><w c5="CJC" hw="and" pos="CONJ">and </w><w c5="AV0" hw="so" pos="ADV">so </w><w c5="DPS" hw="they" pos="PRON">their </w><w c5="NN1" hw="mum" pos="SUBST">Mum </w><w c5="VM0" hw="could" pos="VERB">could </w><w c5="VHI" hw="have" pos="VERB">have </w><w c5="NP0" hw="hc" pos="SUBST">HC </w><w c5="PRP" hw="from" pos="PREP">from </w><w c5="PNP" hw="he" pos="PRON">him</w><c c5="PUN">.</c></s></p><p>
<s n="14"><w c5="NP0" hw="hc" pos="SUBST">HC </w><w c5="VBZ" hw="be" pos="VERB">is </w><w c5="XX0" hw="not" pos="ADV">not </w><w c5="VVG" hw="catch" pos="VERB">catching</w><c c5="PUN">, </c><w c5="PRP" hw="like" pos="PREP">like </w><w c5="NN0" hw="measles" pos="SUBST">measles</w><c c5="PUN">.</c></s>
<s n="15"><w c5="PNP" hw="it" pos="PRON">It </w><w c5="VBZ" hw="be" pos="VERB">is </w><w c5="AV0-AJ0" hw="only" pos="ADV">only </w><w c5="CJS" hw="if" pos="CONJ">if </w><w c5="DPS" hw="you" pos="PRON">your </w><w c5="NN1" hw="mum" pos="SUBST">Mum </w><w c5="CJC" hw="or" pos="CONJ">or </w><w c5="NN1" hw="dad" pos="SUBST">Dad </w><w c5="VHZ" hw="have" pos="VERB">has </w><w c5="PNP" hw="it" pos="PRON">it</w><c c5="PUN">, </c><w c5="CJT" hw="that" pos="CONJ">that </w><w c5="PNP" hw="you" pos="PRON">you </w><w c5="VM0" hw="may" pos="VERB">may </w><w c5="AJ0" hw="possible" pos="ADJ">possible </w><w c5="VHB" hw="have" pos="VERB">have </w><w c5="PNP" hw="it" pos="PRON">it </w><w c5="CJS" hw="when" pos="CONJ">when </w><w c5="PNP" hw="you" pos="PRON">you </w><w c5="VVN" hw="grow" pos="VERB">grown </w><w c5="AVP" hw="up" pos="ADV">up</w><c c5="PUN">, </c><w c5="CJS" hw="whether" pos="CONJ">whether </w><w c5="PNP" hw="you" pos="PRON">you </w><w c5="VBB" hw="be" pos="VERB">are </w><w c5="AT0" hw="a" pos="ART">a </w><w c5="NN1" hw="boy" pos="SUBST">boy </w><w c5="CJC" hw="or" pos="CONJ">or </w><w c5="AT0" hw="a" pos="ART">a </w><w c5="NN1" hw="girl" pos="SUBST">girl</w><c c5="PUN">.</c></s></p><p>
<s n="16"><w c5="EX0" hw="there" pos="PRON">There </w><w c5="VBB" hw="be" pos="VERB">are </w><w c5="AJ0" hw="other" pos="ADJ">other </w><w c5="NN2" hw="family" pos="SUBST">families </w><w c5="PRP" hw="like" pos="PREP">like </w><w c5="NP0" hw="peter" pos="SUBST">Peter </w><w c5="CJC" hw="and" pos="CONJ">and </w><w c5="NP0" hw="paul" pos="SUBST">Paul</w><w c5="POS" hw="'s" pos="UNC">'s </w><w c5="PNQ" hw="who" pos="PRON">who </w><w c5="VHB" hw="have" pos="VERB">have </w><w c5="NP0" hw="hc" pos="SUBST">HC</w><c c5="PUN">.</c></s>
<s n="17"><w c5="PNP" hw="they" pos="PRON">They </w><w c5="DT0" hw="all" pos="ADJ">all </w><w c5="VVD" hw="join" pos="VERB">joined </w><w c5="AV0" hw="together" pos="ADV">together </w><w c5="TO0" hw="to" pos="PREP">to </w><w c5="VVI" hw="make" pos="VERB">make </w><w c5="AT0" hw="a" pos="ART">a </w><w c5="NN1" hw="group" pos="SUBST">group </w><w c5="VVN" hw="call" pos="VERB">called </w><w c5="NN1-VVB" hw="combat" pos="SUBST">COMBAT</w><c c5="PUN">.</c></s></p><p>
<s n="18"><w c5="NN1-VVB" hw="combat" pos="SUBST">Combat </w><w c5="VVZ" hw="mean" pos="VERB">means </w><w c5="TO0" hw="to" pos="PREP">to </w><w c5="VVI" hw="fight" pos="VERB">fight</w><c c5="PUN">, </c><w c5="CJC" hw="and" pos="CONJ">and </w><w c5="PNP" hw="they" pos="PRON">they </w><w c5="VVB" hw="help" pos="VERB">help </w><mw c5="PNX"><w c5="DT0" hw="each" pos="ADJ">each </w><w c5="NN1" hw="other" pos="SUBST">other </w></mw><w c5="TO0" hw="to" pos="PREP">to </w><w c5="VVI" hw="fight" pos="VERB">fight </w><w c5="PRP" hw="against" pos="PREP">against </w><w c5="DT0" hw="this" pos="ADJ">this </w><w c5="NN1" hw="illness" pos="SUBST">illness</w><c c5="PUN">, </c><w c5="PRP" hw="by" pos="PREP">by </w><w c5="VVG" hw="talk" pos="VERB">talking </w><w c5="CJC" hw="and" pos="CONJ">and </w><w c5="VVG" hw="find" pos="VERB">finding </w><w c5="AVP" hw="out" pos="ADV">out </w><w c5="AV0" hw="more" pos="ADV">more </w><w c5="PRP" hw="about" pos="PREP">about </w><w c5="PNP" hw="it" pos="PRON">it</w><c c5="PUN">, </c><w c5="CJC" hw="and" pos="CONJ">and </w><w c5="VHG" hw="have" pos="VERB">having </w><w c5="NN2" hw="party" pos="SUBST">parties</w><c c5="PUN">, </c><w c5="AV0" hw="too" pos="ADV">too</w><c c5="PUN">.</c></s></p><p>
<s n="19"><w c5="NP0" hw="hc" pos="SUBST">HC </w><w c5="VBZ" hw="be" pos="VERB">is </w><w c5="XX0" hw="not" pos="ADV">not </w><w c5="PRP" hw="like" pos="PREP">like </w><w c5="AJ0" hw="other" pos="ADJ">other </w><w c5="NN2" hw="illness" pos="SUBST">illnesses</w><c c5="PUN">.</c></s>
<s n="20"><w c5="AV0" hw="usually" pos="ADV">Usually</w><c c5="PUN">, </c><w c5="PNP" hw="it" pos="PRON">it </w><w c5="AV0" hw="only" pos="ADV">only </w><w c5="VVZ" hw="happen" pos="VERB">happens </w><w c5="PRP" hw="to" pos="PREP">to </w><w c5="NN2" hw="grown-up" pos="SUBST">grown-ups</w><c c5="PUN">.</c></s>
<s n="21"><w c5="NN0" hw="people" pos="SUBST">People </w><w c5="PRP" hw="with" pos="PREP">with </w><w c5="NP0" hw="hc" pos="SUBST">HC </w><w c5="VM0" hw="may" pos="VERB">may </w><w c5="VBI" hw="be" pos="VERB">be </w><w c5="AJ0" hw="clumsy" pos="ADJ">clumsy</w><c c5="PUN">, </c><w c5="CJC" hw="or" pos="CONJ">or </w><w c5="VVB-NN1" hw="fall" pos="VERB">fall </w><w c5="AVP-PRP" hw="over" pos="ADV">over </w><w c5="AT0" hw="a" pos="ART">a </w><w c5="NN1" hw="lot" pos="SUBST">lot</w><c c5="PUN">, </c><w c5="CJC" hw="or" pos="CONJ">or </w><w c5="VVB" hw="get" pos="VERB">get </w><w c5="AV0" hw="very" pos="ADV">very </w><w c5="AJ0" hw="fidgety" pos="ADJ">fidgety</w><c c5="PUN">.</c></s>
<s n="22"><w c5="AV0" hw="sometimes" pos="ADV">Sometimes </w><w c5="PNP" hw="they" pos="PRON">they </w><w c5="VM0" hw="may" pos="VERB">may </w><w c5="XX0" hw="not" pos="ADV">not </w><w c5="VBI" hw="be" pos="VERB">be </w><w c5="AJ0" hw="able" pos="ADJ">able </w><w c5="TO0" hw="to" pos="PREP">to </w><w c5="VVI" hw="eat" pos="VERB">eat </w><w c5="CJC" hw="or" pos="CONJ">or </w><w c5="VVI" hw="talk" pos="VERB">talk </w><w c5="AV0" hw="very" pos="ADV">very </w><w c5="AV0" hw="well" pos="ADV">well</w><c c5="PUN">.</c></s>
<s n="23"><w c5="PNP" hw="they" pos="PRON">They </w><w c5="VM0" hw="can" pos="VERB">can </w><w c5="AV0" hw="also" pos="ADV">also </w><w c5="VBI" hw="be" pos="VERB">be </w><w c5="AJ0" hw="forgetful" pos="ADJ">forgetful </w><w c5="CJC" hw="or" pos="CONJ">or </w><w c5="AV0" hw="very" pos="ADV">very </w><w c5="AJ0" hw="tired" pos="ADJ">tired </w><w c5="CJC" hw="and" pos="CONJ">and </w><w c5="AV0" hw="perhaps" pos="ADV">perhaps </w><w c5="AJ0-AV0" hw="bad" pos="ADJ">bad </w><w c5="AJ0-VVN" hw="tempered" pos="ADJ">tempered</w><c c5="PUN">.</c></s></p><p>
<s n="24"><w c5="CJS" hw="when" pos="CONJ">When </w><w c5="NN0" hw="people" pos="SUBST">people </w><w c5="VVB" hw="get" pos="VERB">get </w><w c5="PNP" hw="it" pos="PRON">it</w><c c5="PUN">, </c><w c5="PNP" hw="they" pos="PRON">they </w><w c5="VM0" hw="may" pos="VERB">may </w><w c5="VHI" hw="have" pos="VERB">have </w><w c5="TO0" hw="to" pos="PREP">to </w><w c5="VVI" hw="go" pos="VERB">go </w><w c5="PRP" hw="into" pos="PREP">into </w><w c5="NN1" hw="hospital" pos="SUBST">hospital </w><w c5="CJC" hw="or" pos="CONJ">or </w><w c5="AT0" hw="a" pos="ART">a </w><w c5="AJ0" hw="special" pos="ADJ">special </w><w c5="NN1" hw="home" pos="SUBST">home</w><c c5="PUN">, </c><w c5="TO0" hw="to" pos="PREP">to </w><w c5="VVI" hw="rest" pos="VERB">rest</w><c c5="PUN">, </c><w c5="CJC" hw="or" pos="CONJ">or </w><w c5="AV0" hw="perhaps" pos="ADV">perhaps </w><w c5="TO0" hw="to" pos="PREP">to </w><w c5="VVI" hw="stay" pos="VERB">stay</w><c c5="PUN">.</c></s></p><p>
<s n="25"><w c5="XX0" hw="not" pos="ADV">Not </w><w c5="PNI" hw="everyone" pos="PRON">everyone </w><w c5="VVZ" hw="understand" pos="VERB">understands </w><w c5="PNP" hw="it" pos="PRON">it </w><w c5="VBZ" hw="be" pos="VERB">is </w><w c5="NP0" hw="hc" pos="SUBST">HC </w><w c5="DTQ" hw="which" pos="PRON">which </w><w c5="VVZ" hw="make" pos="VERB">makes </w><w c5="NN0" hw="people" pos="SUBST">people </w><w c5="VVI" hw="behave" pos="VERB">behave </w><w c5="AV0" hw="strangely" pos="ADV">strangely</w><c c5="PUN">.</c></s>
<s n="26"><w c5="PNP" hw="it" pos="PRON">It </w><w c5="VBZ" hw="be" pos="VERB">is </w><w c5="XX0" hw="not" pos="ADV">not </w><w c5="DPS" hw="they" pos="PRON">their </w><w c5="NN1" hw="fault" pos="SUBST">fault</w><c c5="PUN">, </c><w c5="PNP" hw="it" pos="PRON">it </w><w c5="VBZ" hw="be" pos="VERB">is </w><w c5="AT0" hw="the" pos="ART">the </w><w c5="NN1" hw="illness" pos="SUBST">illness</w><c c5="PUN">.</c></s>
<s n="27"><w c5="PNP" hw="it" pos="PRON">It </w><w c5="VDZ" hw="do" pos="VERB">does </w><w c5="XX0" hw="not" pos="ADV">not </w><w c5="VVI" hw="mean" pos="VERB">mean </w><w c5="PNP" hw="they" pos="PRON">they </w><w c5="VDB" hw="do" pos="VERB">do</w><w c5="XX0" hw="not" pos="ADV">n't </w><w c5="VVI" hw="love" pos="VERB">love </w><w c5="DPS" hw="they" pos="PRON">their </w><w c5="NN2" hw="family" pos="SUBST">families</w><c c5="PUN">, </c><w c5="CJC" hw="but" pos="CONJ">but </w><w c5="AV0" hw="sometimes" pos="ADV">sometimes </w><w c5="AT0" hw="the" pos="ART">the </w><w c5="NP0" hw="hc" pos="SUBST">HC </w><w c5="VVZ" hw="stop" pos="VERB">stops </w><w c5="PNP" hw="they" pos="PRON">them </w><w c5="VVG" hw="show" pos="VERB">showing </w><w c5="PNP" hw="it" pos="PRON">it</w><c c5="PUN">.</c></s></p><p>
<s n="28"><w c5="CJS" hw="when" pos="CONJ">When </w><w c5="NP0" hw="peter" pos="SUBST">Peter </w><w c5="CJC" hw="and" pos="CONJ">and </w><w c5="NP0" hw="paul" pos="SUBST">Paul</w><w c5="POS" hw="'s" pos="UNC">'s </w><w c5="NN1" hw="mum" pos="SUBST">Mum </w><w c5="AV0" hw="sometimes" pos="ADV">sometimes </w><w c5="VVB" hw="get" pos="VERB">get </w><w c5="AJ0" hw="angry" pos="ADJ">angry </w><w c5="CJC" hw="or" pos="CONJ">or </w><w c5="AJ0" hw="clumsy" pos="ADJ">clumsy</w><c c5="PUN">, </c><w c5="PNP" hw="they" pos="PRON">they </w><w c5="VDB" hw="do" pos="VERB">do</w><w c5="XX0" hw="not" pos="ADV">n't </w><w c5="VVI" hw="know" pos="VERB">know </w><w c5="CJS" hw="whether" pos="CONJ">whether </w><w c5="PNP" hw="she" pos="PRON">she </w><w c5="VBZ" hw="be" pos="VERB">is </w><w c5="VVG" hw="start" pos="VERB">starting </w><w c5="NP0" hw="hc" pos="SUBST">HC</w><c c5="PUN">, </c><w c5="CJC" hw="or" pos="CONJ">or </w><w c5="AV0" hw="just" pos="ADV">just </w><w c5="AJ0-VVG" hw="worrying" pos="ADJ">worrying </w><w c5="PRP" hw="about" pos="PREP">about </w><w c5="VVG" hw="start" pos="VERB">starting </w><w c5="NP0" hw="hc" pos="SUBST">HC</w><c c5="PUN">.</c></s></p><p>
<s n="29"><w c5="NP0" hw="hc" pos="SUBST">HC </w><w c5="AV0" hw="normally" pos="ADV">normally </w><w c5="VVZ" hw="begin" pos="VERB">begins </w><w c5="CJS" hw="after" pos="CONJ">after </w><w c5="PNP" hw="you" pos="PRON">you </w><w c5="VBB" hw="be" pos="VERB">are </w><w c5="VVN" hw="grow" pos="VERB">grown </w><w c5="AVP" hw="up" pos="ADV">up</w><c c5="PUN">, </c><w c5="CJS" hw="so" pos="CONJ">so </w><w c5="PNP" hw="you" pos="PRON">you </w><w c5="VDB" hw="do" pos="VERB">do</w><w c5="XX0" hw="not" pos="ADV">n't </w><w c5="VVI" hw="know" pos="VERB">know </w><w c5="CJS" hw="whether" pos="CONJ">whether </w><w c5="PNP" hw="you" pos="PRON">you </w><w c5="VM0" hw="will" pos="VERB">will </w><w c5="VVI" hw="get" pos="VERB">get </w><w c5="PNP" hw="it" pos="PRON">it </w><w c5="CJC" hw="or" pos="CONJ">or </w><w c5="XX0" hw="not" pos="ADV">not</w><c c5="PUN">.</c></s></p><p>
<s n="30"><w c5="CJS" hw="if" pos="CONJ">If </w><w c5="DPS" hw="they" pos="PRON">their </w><w c5="NN1" hw="mum" pos="SUBST">Mum </w><w c5="VDZ" hw="do" pos="VERB">does </w><w c5="VHI" hw="have" pos="VERB">have </w><w c5="NP0" hw="hc" pos="SUBST">HC</w><c c5="PUN">, </c><w c5="NP0" hw="peter" pos="SUBST">Peter </w><w c5="CJC" hw="and" pos="CONJ">and </w><w c5="NP0" hw="paul" pos="SUBST">Paul </w><w c5="VM0" hw="may" pos="VERB">may </w><w c5="VVI" hw="get" pos="VERB">get </w><w c5="PNP" hw="it" pos="PRON">it </w><w c5="AV0" hw="later" pos="ADV">later </w><w c5="AVP" hw="on" pos="ADV">on</w><c c5="PUN">.</c></s>
<s n="31"><w c5="EX0" hw="there" pos="PRON">There </w><w c5="VBZ" hw="be" pos="VERB">is </w><w c5="AV0" hw="as" pos="ADV">as </w><w c5="DT0" hw="much" pos="ADJ">much </w><w c5="NN1" hw="chance" pos="SUBST">chance </w><w c5="PRF" hw="of" pos="PREP">of </w><w c5="PNP" hw="they" pos="PRON">them </w><w c5="VHG" hw="have" pos="VERB">having </w><w c5="PNP" hw="it" pos="PRON">it</w><c c5="PUN">, </c><w c5="PRP" hw="as" pos="PREP">as </w><w c5="PNP" hw="they" pos="PRON">them </w><w c5="XX0" hw="not" pos="ADV">not </w><w c5="VHG" hw="have" pos="VERB">having </w><w c5="PNP" hw="it" pos="PRON">it</w><c c5="PUN">.</c></s>
<s n="32"><w c5="AT0" hw="the" pos="ART">The </w><w c5="NN2" hw="chance" pos="SUBST">chances </w><w c5="VBB" hw="be" pos="VERB">are </w><w c5="AT0" hw="the" pos="ART">the </w><w c5="DT0" hw="same" pos="ADJ">same </w><w c5="PRP" hw="for" pos="PREP">for </w><w c5="DT0" hw="both" pos="ADJ">both </w><w c5="PRF" hw="of" pos="PREP">of </w><w c5="PNP" hw="they" pos="PRON">them</w><c c5="PUN">.</c></s></p><p>
<s n="33"><w c5="CJC" hw="but" pos="CONJ">But </w><w c5="CJS" hw="if" pos="CONJ">if </w><w c5="PNP" hw="she" pos="PRON">she </w><w c5="VDZ" hw="do" pos="VERB">does </w><w c5="XX0" hw="not" pos="ADV">not </w><w c5="VHI" hw="have" pos="VERB">have </w><w c5="PNP" hw="it" pos="PRON">it </w><w c5="AV0" hw="then" pos="ADV">then </w><w c5="PNP" hw="they" pos="PRON">they </w><w c5="VM0" hw="will" pos="VERB">will </w><w c5="AV0" hw="never" pos="ADV">never </w><w c5="VVI" hw="get" pos="VERB">get </w><w c5="PNP" hw="it" pos="PRON">it </w><w c5="CJC" hw="nor" pos="CONJ">nor </w><w c5="VM0" hw="could" pos="VERB">could </w><w c5="DPS" hw="they" pos="PRON">their </w><w c5="NN2" hw="child" pos="SUBST">children</w><c c5="PUN">.</c></s></p><p>
<s n="34"><w c5="CJS" hw="if" pos="CONJ">If </w><w c5="DPS" hw="they" pos="PRON">their </w><w c5="NN1" hw="mum" pos="SUBST">Mum </w><w c5="VDZ" hw="do" pos="VERB">does </w><w c5="VVI" hw="get" pos="VERB">get </w><w c5="NP0" hw="hc" pos="SUBST">HC</w><c c5="PUN">, </c><w c5="NP0" hw="peter" pos="SUBST">Peter </w><w c5="CJC" hw="and" pos="CONJ">and </w><w c5="NP0" hw="paul" pos="SUBST">Paul </w><w c5="VHB" hw="have" pos="VERB">have </w><w c5="AT0" hw="a" pos="ART">a </w><w c5="AJ0" hw="favourite" pos="ADJ">favourite </w><w c5="NN1" hw="aunty" pos="SUBST">Aunty </w><w c5="PNQ" hw="who" pos="PRON">who </w><w c5="VM0" hw="will" pos="VERB">will </w><w c5="VVI" hw="help" pos="VERB">help </w><w c5="NN1" hw="daddy" pos="SUBST">Daddy </w><w c5="VVI" hw="look" pos="VERB">look </w><w c5="PRP" hw="after" pos="PREP">after </w><w c5="PNP" hw="they" pos="PRON">them </w><w c5="CJC" hw="and" pos="CONJ">and </w><w c5="VVB" hw="love" pos="VERB">love </w><w c5="PNP" hw="they" pos="PRON">them </w><w c5="AV0" hw="very" pos="ADV">very </w><w c5="AV0" hw="much" pos="ADV">much</w><c c5="PUN">.</c></s></p><p>
<s n="35"><w c5="NP0" hw="peter" pos="SUBST">Peter </w><w c5="CJC" hw="and" pos="CONJ">and </w><w c5="NP0" hw="paul" pos="SUBST">Paul </w><w c5="VM0" hw="will" pos="VERB">will </w><w c5="VVI" hw="want" pos="VERB">want </w><w c5="TO0" hw="to" pos="PREP">to </w><w c5="VVI" hw="remember" pos="VERB">remember </w><w c5="DPS" hw="they" pos="PRON">their </w><w c5="NN1" hw="mummy" pos="SUBST">Mummy </w><w c5="CJS" hw="as" pos="CONJ">as </w><w c5="PNP" hw="she" pos="PRON">she </w><w c5="VBD" hw="be" pos="VERB">was </w><w c5="CJS" hw="before" pos="CONJ">before </w><w c5="PNP" hw="she" pos="PRON">she </w><w c5="VVD" hw="get" pos="VERB">got </w><w c5="AJ0" hw="ill" pos="ADJ">ill</w><c c5="PUN">, </c><w c5="CJC" hw="and" pos="CONJ">and </w><w c5="AVQ" hw="how" pos="ADV">how </w><w c5="DT0" hw="much" pos="ADJ">much </w><w c5="PNP" hw="she" pos="PRON">she </w><w c5="VVD" hw="love" pos="VERB">loved </w><w c5="CJC" hw="and" pos="CONJ">and </w><w c5="VVD" hw="care" pos="VERB">cared </w><w c5="PRP" hw="about" pos="PREP">about </w><w c5="PNP" hw="they" pos="PRON">them </w><w c5="CJS" hw="when" pos="CONJ">when </w><w c5="PNP" hw="they" pos="PRON">they </w><w c5="VBD" hw="be" pos="VERB">were </w><w c5="AJC" hw="young" pos="ADJ">younger</w><c c5="PUN">, </c><mw c5="CJS"><w c5="AV0" hw="even" pos="ADV">even </w><w c5="CJS" hw="if" pos="CONJ">if </w></mw><w c5="AT0" hw="the" pos="ART">the </w><w c5="NN1" hw="illness" pos="SUBST">illness </w><w c5="VVZ" hw="make" pos="VERB">makes </w><w c5="AV0" hw="here" pos="ADV">here </w><w c5="AJ0" hw="different" pos="ADJ">different</w><c c5="PUN">.</c></s></p><p>
<s n="36"><w c5="NP0" hw="peter" pos="SUBST">Peter </w><w c5="CJC" hw="and" pos="CONJ">and </w><w c5="NP0" hw="paul" pos="SUBST">Paul </w><w c5="VDB" hw="do" pos="VERB">do </w><w c5="XX0" hw="not" pos="ADV">not </w><w c5="VVI" hw="want" pos="VERB">want </w><w c5="NN1" hw="mummy" pos="SUBST">Mummy </w><w c5="TO0" hw="to" pos="PREP">to </w><w c5="VBI" hw="be" pos="VERB">be </w><w c5="AJ0" hw="ill" pos="ADJ">ill </w><w c5="CJC" hw="or" pos="CONJ">or </w><w c5="TO0" hw="to" pos="PREP">to </w><w c5="VHI" hw="have" pos="VERB">have </w><w c5="NP0" hw="hc" pos="SUBST">HC </w><w c5="PNX" hw="themselves" pos="PRON">themselves</w><c c5="PUN">, </c><w c5="CJC" hw="but" pos="CONJ">but </w><w c5="PRP" hw="at" pos="PREP">at </w><w c5="AT0" hw="the" pos="ART">the </w><w c5="NN1" hw="moment" pos="SUBST">moment </w><w c5="EX0" hw="there" pos="PRON">there </w><w c5="VBZ" hw="be" pos="VERB">is </w><w c5="AT0" hw="no" pos="ART">no </w><w c5="AJ0" hw="sure" pos="ADJ">sure </w><w c5="NN1" hw="way" pos="SUBST">way </w><w c5="TO0" hw="to" pos="PREP">to </w><w c5="VVI" hw="know" pos="VERB">know </w><w c5="PRP" hw="for" pos="PREP">for </w><w c5="PNI" hw="everyone" pos="PRON">everyone</w><c c5="PUN">.</c></s></p><p>
<s n="37"><w c5="NN2" hw="doctor" pos="SUBST">Doctors </w><w c5="AV0" hw="all" pos="ADV">all </w><w c5="PRP" hw="over" pos="PREP">over </w><w c5="AT0" hw="the" pos="ART">the </w><w c5="NN1" hw="world" pos="SUBST">world </w><w c5="VHB" hw="have" pos="VERB">have </w><w c5="VBN" hw="be" pos="VERB">been </w><w c5="VVG" hw="work" pos="VERB">working </w><w c5="TO0" hw="to" pos="PREP">to </w><w c5="VVI" hw="find" pos="VERB">find </w><w c5="AT0" hw="a" pos="ART">a </w><w c5="NN1" hw="way" pos="SUBST">way </w><w c5="TO0" hw="to" pos="PREP">to </w><w c5="VVI" hw="test" pos="VERB">test </w><w c5="CJS" hw="whether" pos="CONJ">whether </w><w c5="NN0" hw="people" pos="SUBST">people </w><w c5="PRP" hw="like" pos="PREP">like </w><w c5="NP0" hw="peter" pos="SUBST">Peter </w><w c5="CJC" hw="and" pos="CONJ">and </w><w c5="NP0" hw="paul" pos="SUBST">Paul</w><w c5="POS" hw="'s" pos="UNC">'s </w><w c5="NN1" hw="mum" pos="SUBST">Mum </w><w c5="VM0" hw="will" pos="VERB">will </w><w c5="VHI" hw="have" pos="VERB">have </w><w c5="NP0" hw="hc" pos="SUBST">HC </w><w c5="CJC" hw="or" pos="CONJ">or </w><w c5="XX0" hw="not" pos="ADV">not</w><c c5="PUN">.</c></s>
<s n="38"><w c5="DT0" hw="this" pos="ADJ">This </w><w c5="NN1" hw="test" pos="SUBST">test </w><w c5="VBZ" hw="be" pos="VERB">is </w><w c5="AVP-PRP" hw="around" pos="ADV">around </w><w c5="AV0" hw="now" pos="ADV">now </w><w c5="PRP" hw="for" pos="PREP">for </w><w c5="DT0" hw="some" pos="ADJ">some </w><w c5="NN0" hw="people" pos="SUBST">people</w><c c5="PUN">.</c></s></p><p>
<s n="39"><w c5="NN2" hw="doctor" pos="SUBST">Doctors </w><w c5="VBB" hw="be" pos="VERB">are </w><w c5="AV0" hw="also" pos="ADV">also </w><w c5="VVG" hw="try" pos="VERB">trying </w><w c5="TO0" hw="to" pos="PREP">to </w><w c5="VVI" hw="find" pos="VERB">find </w><w c5="NN2" hw="way" pos="SUBST">ways </w><w c5="TO0" hw="to" pos="PREP">to </w><w c5="VVI" hw="make" pos="VERB">make </w><w c5="NN0" hw="people" pos="SUBST">people </w><w c5="PRP" hw="with" pos="PREP">with </w><w c5="NP0" hw="hc" pos="SUBST">HC </w><w c5="AV0" hw="well" pos="ADV">better </w><w c5="CJC" hw="and" pos="CONJ">and </w><w c5="PNI" hw="everyone" pos="PRON">everyone </w><w c5="VVZ" hw="hope" pos="VERB">hopes </w><w c5="PNP" hw="they" pos="PRON">they </w><w c5="VM0" hw="will" pos="VERB">will</w><c c5="PUN">.</c></s></p><p>
<s n="40"><w c5="PRP" hw="in" pos="PREP">In </w><w c5="AT0" hw="the" pos="ART">the </w><w c5="NN1" hw="meantime" pos="SUBST">meantime</w><c c5="PUN">, </c><w c5="NN2" hw="family" pos="SUBST">families </w><w c5="PRP" hw="like" pos="PREP">like </w><w c5="NP0" hw="peter" pos="SUBST">Peter </w><w c5="CJC" hw="and" pos="CONJ">and </w><w c5="NP0" hw="paul" pos="SUBST">Paul</w><w c5="POS" hw="'s" pos="UNC">'s </w><w c5="VHB" hw="have" pos="VERB">have </w><w c5="TO0" hw="to" pos="PREP">to </w><w c5="VVI" hw="think" pos="VERB">think </w><w c5="AV0" hw="carefully" pos="ADV">carefully </w><w c5="PRP" hw="about" pos="PREP">about </w><w c5="CJS" hw="whether" pos="CONJ">whether </w><w c5="TO0" hw="to" pos="PREP">to </w><w c5="VHI" hw="have" pos="VERB">have </w><w c5="NN2" hw="child" pos="SUBST">children </w><w c5="PNX" hw="themselves" pos="PRON">themselves</w><c c5="PUN">, </c><w c5="CJC" hw="or" pos="CONJ">or </w><w c5="XX0" hw="not" pos="ADV">not</w><c c5="PUN">.</c></s></p><p>
<s n="41"><w c5="NP0" hw="peter" pos="SUBST">Peter </w><w c5="CJC" hw="and" pos="CONJ">and </w><w c5="NP0" hw="paul" pos="SUBST">Paul </w><w c5="VVB-NN1" hw="hope" pos="VERB">hope </w><w c5="CJT" hw="that" pos="CONJ">that </w><w c5="PRP" hw="by" pos="PREP">by </w><w c5="AT0" hw="the" pos="ART">the </w><w c5="NN1" hw="time" pos="SUBST">time </w><w c5="PNP" hw="they" pos="PRON">they </w><w c5="VBB" hw="be" pos="VERB">are </w><w c5="VVN" hw="grow" pos="VERB">grown </w><w c5="AVP" hw="up" pos="ADV">up</w><c c5="PUN">, </c><w c5="AT0" hw="the" pos="ART">the </w><w c5="NN2" hw="doctor" pos="SUBST">doctors </w><w c5="VM0" hw="will" pos="VERB">will </w><w c5="VVI" hw="know" pos="VERB">know </w><w c5="AV0" hw="more" pos="ADV">more </w><w c5="PRP" hw="about" pos="PREP">about </w><w c5="NP0" hw="hc" pos="SUBST">HC </w><w c5="CJC" hw="and" pos="CONJ">and </w><w c5="AVQ" hw="how" pos="ADV">how </w><w c5="TO0" hw="to" pos="PREP">to </w><w c5="VVI" hw="stop" pos="VERB">stop </w><w c5="PNP" hw="it" pos="PRON">it</w><c c5="PUN">.</c></s></p><p>
<s n="42"><w c5="PNP" hw="they" pos="PRON">They </w><w c5="VVB" hw="know" pos="VERB">know </w><w c5="CJT" hw="that" pos="CONJ">that </w><w c5="AJ0" hw="other" pos="ADJ">other </w><w c5="AJ0" hw="unhappy" pos="ADJ">unhappy </w><w c5="NN2" hw="thing" pos="SUBST">things </w><w c5="VM0" hw="can" pos="VERB">can </w><w c5="VVI" hw="happen" pos="VERB">happen </w><w c5="PRP" hw="to" pos="PREP">to </w><w c5="NN0" hw="people" pos="SUBST">people </w><w c5="PRP" hw="like" pos="PREP">like </w><w c5="NN1" hw="road" pos="SUBST">road </w><w c5="NN2" hw="accident" pos="SUBST">accidents </w><w c5="CJC" hw="or" pos="CONJ">or </w><w c5="AJ0" hw="other" pos="ADJ">other </w><w c5="NN2" hw="illness" pos="SUBST">illnesses</w><c c5="PUN">.</c></s></p><p>
<s n="43"><w c5="PNP" hw="it" pos="PRON">It</w><w c5="VBZ" hw="be" pos="VERB">'s </w><w c5="XX0" hw="not" pos="ADV">not </w><w c5="AV0" hw="just" pos="ADV">just </w><w c5="DPS" hw="they" pos="PRON">their </w><w c5="NN1" hw="family" pos="SUBST">family </w><w c5="DTQ" hw="which" pos="PRON">which </w><w c5="VHZ" hw="have" pos="VERB">has </w><w c5="VVN" hw="worry" pos="VERB">worried</w><c c5="PUN">.</c></s>
<s n="44"><w c5="PNP" hw="they" pos="PRON">They </w><w c5="VM0" hw="will" pos="VERB">will </w><w c5="VVI" hw="enjoy" pos="VERB">enjoy </w><w c5="PNX" hw="themselves" pos="PRON">themselves </w><w c5="CJC" hw="and" pos="CONJ">and </w><w c5="VVB" hw="make" pos="VERB">make </w><w c5="AT0" hw="the" pos="ART">the </w><w c5="DT0" hw="most" pos="ADJ">most </w><w c5="PRF" hw="of" pos="PREP">of </w><w c5="DPS" hw="they" pos="PRON">their </w><w c5="NN2" hw="life" pos="SUBST">lives </w><w c5="PRP" hw="like" pos="PREP">like </w><w c5="PNI" hw="everyone" pos="PRON">everyone </w><w c5="AV0" hw="else" pos="ADV">else</w><c c5="PUN">.</c></s></p><p>
<s n="45"><w c5="AT0" hw="the" pos="ART">The </w><w c5="NN1" hw="family" pos="SUBST">family </w><w c5="VVZ" hw="hope" pos="VERB">hopes </w><w c5="NN1" hw="mum" pos="SUBST">Mum </w><w c5="AV0" hw="never" pos="ADV">never </w><w c5="VVZ" hw="get" pos="VERB">gets </w><w c5="NP0" hw="hc" pos="SUBST">HC</w><c c5="PUN">.</c></s>
<s n="46"><w c5="CJS" hw="if" pos="CONJ">If </w><w c5="PNP" hw="she" pos="PRON">she </w><w c5="VDZ" hw="do" pos="VERB">does </w><w c5="PNP" hw="she" pos="PRON">she </w><w c5="VM0" hw="will" pos="VERB">will </w><w c5="VVI" hw="need" pos="VERB">need </w><w c5="PNP" hw="they" pos="PRON">them </w><w c5="TO0" hw="to" pos="PREP">to </w><w c5="VVI" hw="love" pos="VERB">love </w><w c5="PNP" hw="she" pos="PRON">her </w><w c5="CJC" hw="and" pos="CONJ">and </w><w c5="TO0" hw="to" pos="PREP">to </w><w c5="VVI" hw="understand" pos="VERB">understand</w><c c5="PUN">.</c></s></p><p>
<s n="47"><w c5="PNP" hw="they" pos="PRON">They </w><w c5="AV0" hw="also" pos="ADV">also </w><w c5="VVB" hw="know" pos="VERB">know </w><w c5="AJ0" hw="other" pos="ADJ">other </w><w c5="NN2" hw="family" pos="SUBST">families </w><w c5="PRP" hw="with" pos="PREP">with </w><w c5="NP0" hw="hc" pos="SUBST">HC</w><c c5="PUN">, </c><w c5="CJC" hw="and" pos="CONJ">and </w><w c5="PRP" hw="about" pos="PREP">about </w><w c5="NN1" hw="combat" pos="SUBST">COMBAT </w><w c5="CJS" hw="so" pos="CONJ">so </w><w c5="PNP" hw="they" pos="PRON">they </w><w c5="VM0" hw="will" pos="VERB">wo</w><w c5="XX0" hw="not" pos="ADV">n't </w><w c5="VVI" hw="feel" pos="VERB">feel </w><w c5="AJ0" hw="alone" pos="ADJ">alone</w><c c5="PUN">.</c></s></p></wtext></bncDoc>
